t_s,trajectory,pose_x,pose_y,yaw_deg,path_idx,d,phi_deg,curv,v_cmd,omega_cmd,dist_end,ang_end_deg,done
0.00,left,0.0000,-0.1885,90.00,20,-0.0000,0.00,0.0000,0.2300,0.0000,0.7117,90.00,False
0.05,left,0.0000,-0.1770,90.01,22,-0.0015,0.00,0.0000,0.2300,0.0052,0.7028,90.00,False
0.10,left,-0.0000,-0.1655,90.03,25,-0.0020,0.01,0.0000,0.2300,0.0066,0.6939,89.99,False
0.15,left,-0.0000,-0.1540,90.03,27,0.0005,0.03,0.0000,0.2300,-0.0025,0.6852,89.97,False
0.20,left,-0.0000,-0.1425,90.01,29,0.0010,0.03,0.0000,0.2300,-0.0041,0.6764,89.97,False
0.25,left,-0.0000,-0.1310,89.99,31,0.0025,0.01,0.0000,0.2300,-0.0090,0.6678,89.99,False
0.30,left,-0.0000,-0.1195,89.98,34,0.0010,-0.01,0.0000,0.2300,-0.0032,0.6593,90.01,False
0.35,left,-0.0000,-0.1080,89.98,36,0.0005,-0.02,0.0000,0.2300,-0.0013,0.6509,90.02,False
0.40,left,-0.0000,-0.0965,89.96,38,0.0020,-0.02,0.0000,0.2300,-0.0064,0.6425,90.02,False
0.45,left,0.0000,-0.0850,89.95,41,0.0015,-0.04,0.0000,0.2300,-0.0042,0.6343,90.04,False
0.50,left,0.0000,-0.0735,89.95,43,-0.0000,-0.05,0.0000,0.2300,0.0012,0.6261,90.05,False
0.55,left,0.0000,-0.0620,89.97,45,-0.0015,-0.05,0.0000,0.2300,0.0063,0.6181,90.05,False
0.60,left,0.0000,-0.0505,89.99,48,-0.0020,-0.03,0.0000,0.2300,0.0077,0.6102,90.03,False
0.65,left,0.0000,-0.0390,90.00,50,-0.0005,-0.01,0.0000,0.2300,0.0020,0.6024,90.01,False
0.70,left,0.0000,-0.0275,90.01,52,-0.0010,-0.00,0.0000,0.2300,0.0036,0.5947,90.00,False
0.75,left,0.0000,-0.0160,90.03,54,-0.0025,0.01,0.0000,0.2300,0.0086,0.5871,89.99,False
0.80,left,0.0000,-0.0045,90.04,57,-0.0010,0.03,0.0000,0.2300,0.0028,0.5797,89.97,False
0.85,left,0.0000,0.0070,90.04,59,-0.0005,0.04,0.0000,0.2300,0.0009,0.5724,89.96,False
0.90,left,0.0000,0.0185,91.97,61,-0.0020,-1.18,2.8129,0.2300,0.6741,0.5652,89.96,False
0.95,left,-0.0004,0.0300,93.93,64,-0.0017,-1.68,2.8129,0.2300,0.6819,0.5582,88.03,False
1.00,left,-0.0012,0.0415,95.85,66,-0.0009,-1.34,2.8129,0.2300,0.6732,0.5510,86.07,False
1.05,left,-0.0023,0.0529,97.78,68,-0.0017,-1.04,2.8129,0.2300,0.6706,0.5437,84.15,False
1.10,left,-0.0039,0.0643,99.73,71,-0.0029,-1.55,2.8129,0.2300,0.6837,0.5362,82.22,False
1.15,left,-0.0058,0.0756,101.67,73,-0.0022,-1.21,2.8129,0.2300,0.6752,0.5285,80.27,False
1.20,left,-0.0082,0.0869,103.59,75,-0.0023,-0.90,2.8129,0.2300,0.6697,0.5207,78.33,False
1.25,left,-0.0109,0.0981,105.50,77,-0.0030,-0.60,2.8129,0.2300,0.6670,0.5128,76.41,False
1.30,left,-0.0139,0.1092,107.44,80,-0.0035,-1.12,2.8129,0.2300,0.6776,0.5047,74.50,False
1.35,left,-0.0174,0.1201,109.36,82,-0.0032,-0.80,2.8129,0.2300,0.6707,0.4965,72.56,False
1.40,left,-0.0212,0.1310,111.27,84,-0.0034,-0.50,2.8129,0.2300,0.6661,0.4881,70.64,False
1.45,left,-0.0254,0.1417,113.17,86,-0.0040,-0.22,2.8129,0.2300,0.6632,0.4796,68.73,False
1.50,left,-0.0299,0.1523,115.10,89,-0.0041,-0.75,2.8129,0.2300,0.6727,0.4709,66.83,False
1.55,left,-0.0348,0.1627,117.00,91,-0.0040,-0.45,2.8129,0.2300,0.6665,0.4622,64.90,False
1.60,left,-0.0400,0.1729,118.90,93,-0.0042,-0.16,2.8129,0.2300,0.6621,0.4533,63.00,False
1.65,left,-0.0456,0.1830,120.79,95,-0.0048,0.12,2.8129,0.2300,0.6592,0.4442,61.10,False
1.70,left,-0.0514,0.1929,122.70,98,-0.0047,-0.43,2.8129,0.2300,0.6681,0.4351,59.21,False
1.75,left,-0.0577,0.2026,124.60,100,-0.0046,-0.13,2.8129,0.2300,0.6623,0.4258,57.30,False
1.80,left,-0.0642,0.2120,126.49,102,-0.0048,0.14,2.8129,0.2300,0.6580,0.4164,55.40,False
1.85,left,-0.0710,0.2213,128.36,104,-0.0053,0.41,2.8129,0.2300,0.6550,0.4069,53.51,False
1.90,left,-0.0782,0.2303,130.26,107,-0.0051,-0.15,2.8129,0.2300,0.6637,0.3973,51.64,False
1.95,left,-0.0856,0.2391,132.15,109,-0.0050,0.13,2.8129,0.2300,0.6581,0.3876,49.74,False
2.00,left,-0.0933,0.2476,134.02,111,-0.0052,0.39,2.8129,0.2300,0.6539,0.3778,47.85,False
2.05,left,-0.1013,0.2559,135.89,113,-0.0056,0.64,2.8129,0.2300,0.6509,0.3678,45.98,False
2.10,left,-0.1096,0.2639,137.78,116,-0.0053,0.08,2.8129,0.2300,0.6595,0.3578,44.11,False
2.15,left,-0.1181,0.2716,139.65,118,-0.0052,0.34,2.8129,0.2300,0.6541,0.3477,42.22,False
2.20,left,-0.1268,0.2790,141.51,120,-0.0054,0.60,2.8129,0.2300,0.6500,0.3375,40.35,False
2.25,left,-0.1358,0.2862,143.37,122,-0.0058,0.84,2.8129,0.2300,0.6470,0.3272,38.49,False
2.30,left,-0.1451,0.2930,145.24,125,-0.0054,0.26,2.8129,0.2300,0.6555,0.3168,36.63,False
2.35,left,-0.1545,0.2996,147.11,127,-0.0053,0.51,2.8129,0.2300,0.6502,0.3063,34.76,False
2.40,left,-0.1642,0.3059,148.96,129,-0.0054,0.76,2.8129,0.2300,0.6463,0.2958,32.89,False
2.45,left,-0.1740,0.3118,150.80,131,-0.0058,0.99,2.8129,0.2300,0.6434,0.2852,31.04,False
2.50,left,-0.1841,0.3174,152.67,134,-0.0054,0.40,2.8129,0.2300,0.6519,0.2744,29.20,True
0.00,right,0.0000,-0.1085,90.00,36,-0.0000,0.00,0.0000,0.2300,0.0000,0.3279,88.10,False
0.05,right,0.0000,-0.0970,90.01,38,-0.0015,0.00,0.0000,0.2300,0.0052,0.3194,88.10,False
0.10,right,-0.0000,-0.0855,87.03,41,-0.0020,1.92,-4.4150,0.2300,-1.0420,0.3110,88.11,False
0.15,right,0.0006,-0.0740,84.04,43,0.0007,1.47,-4.4150,0.2300,-1.0437,0.3028,85.13,False
0.20,right,0.0018,-0.0626,81.07,45,0.0013,1.01,-4.4150,0.2300,-1.0376,0.2945,82.14,False
0.25,right,0.0036,-0.0512,78.10,47,0.0027,0.57,-4.4150,0.2300,-1.0347,0.2859,79.17,False
0.30,right,0.0059,-0.0400,75.10,50,0.0022,1.41,-4.4150,0.2300,-1.0475,0.2772,76.20,False
0.35,right,0.0089,-0.0289,72.13,52,0.0021,0.95,-4.4150,0.2300,-1.0390,0.2683,73.20,False
0.40,right,0.0124,-0.0179,69.16,54,0.0028,0.51,-4.4150,0.2300,-1.0338,0.2591,70.22,False
0.45,right,0.0165,-0.0072,66.15,57,0.0036,1.35,-4.4150,0.2300,-1.0509,0.2499,67.26,False
0.50,right,0.0212,0.0034,63.17,59,0.0032,0.87,-4.4150,0.2300,-1.0412,0.2404,64.25,False
0.55,right,0.0264,0.0136,60.21,61,0.0034,0.42,-4.4150,0.2300,-1.0338,0.2308,61.27,False
0.60,right,0.0321,0.0236,57.26,63,0.0040,-0.00,-4.4150,0.2300,-1.0284,0.2210,58.31,False
0.65,right,0.0383,0.0333,54.27,66,0.0044,0.85,-4.4150,0.2300,-1.0444,0.2111,55.36,False
0.70,right,0.0450,0.0426,51.30,68,0.0042,0.40,-4.4150,0.2300,-1.0355,0.2010,52.37,False
0.75,right,0.0522,0.0516,48.36,70,0.0044,-0.03,-4.4150,0.2300,-1.0283,0.1908,49.40,False
0.80,right,0.0598,0.0602,45.43,72,0.0048,-0.44,-4.4150,0.2300,-1.0226,0.1805,46.46,False
0.85,right,0.0679,0.0684,42.45,75,0.0051,0.43,-4.4150,0.2300,-1.0384,0.1700,43.53,False
0.90,right,0.0764,0.0761,39.50,77,0.0049,-0.01,-4.4150,0.2300,-1.0298,0.1595,40.55,False
0.95,right,0.0853,0.0835,36.57,79,0.0049,-0.43,-4.4150,0.2300,-1.0226,0.1488,37.60,False
1.00,right,0.0945,0.0903,33.66,81,0.0053,-0.82,-4.4150,0.2300,-1.0167,0.1380,34.67,False
1.05,right,0.1041,0.0967,30.70,84,0.0055,0.07,-4.4150,0.2300,-1.0327,0.1272,31.76,False
1.10,right,0.1140,0.1026,27.77,86,0.0052,-0.35,-4.4150,0.2300,-1.0241,0.1162,28.80,False
1.15,right,0.1241,0.1079,24.86,88,0.0052,-0.75,-4.4150,0.2300,-1.0168,0.1052,25.87,False
1.20,right,0.1346,0.1127,21.96,90,0.0055,-1.13,-4.4150,0.2300,-1.0109,0.0942,22.96,False
1.25,right,0.1452,0.1170,19.02,93,0.0057,-0.22,-4.4150,0.2300,-1.0271,0.0830,20.06,False
1.30,right,0.1561,0.1208,16.10,95,0.0053,-0.63,-4.4150,0.2300,-1.0185,0.0718,17.12,True
0.00,straight,0.0000,-0.1885,90.00,20,-0.0003,0.00,0.0000,0.2300,0.0012,0.7730,0.00,False
0.05,straight,-0.0000,-0.1770,90.01,22,-0.0011,0.00,0.0000,0.2300,0.0038,0.7615,0.00,False
0.10,straight,-0.0000,-0.1655,89.99,25,0.0024,0.01,0.0000,0.2300,-0.0087,0.7500,0.01,False
0.15,straight,-0.0000,-0.1540,89.98,27,0.0010,-0.01,0.0000,0.2300,-0.0031,0.7385,0.01,False
0.20,straight,0.0000,-0.1425,89.98,29,0.0005,-0.02,0.0000,0.2300,-0.0013,0.7270,0.02,False
0.25,straight,0.0000,-0.1310,90.00,31,-0.0020,-0.02,0.0000,0.2300,0.0073,0.7155,0.02,False
0.30,straight,0.0000,-0.1195,90.01,34,-0.0016,-0.00,0.0000,0.2300,0.0055,0.7040,0.00,False
0.35,straight,0.0000,-0.1080,90.01,36,-0.0001,0.01,0.0000,0.2300,0.0001,0.6925,0.01,False
0.40,straight,0.0000,-0.0965,90.03,38,-0.0014,0.01,0.0000,0.2300,0.0044,0.6810,0.01,False
0.45,straight,-0.0000,-0.0850,90.05,41,-0.0022,0.03,0.0000,0.2300,0.0070,0.6695,0.03,False
0.50,straight,-0.0000,-0.0735,90.04,43,0.0007,0.05,0.0000,0.2300,-0.0036,0.6580,0.05,False
0.55,straight,-0.0000,-0.0620,90.03,45,0.0007,0.04,0.0000,0.2300,-0.0034,0.6465,0.04,False
0.60,straight,-0.0000,-0.0505,90.00,47,0.0022,0.03,0.0000,0.2300,-0.0082,0.6350,0.03,False
0.65,straight,-0.0000,-0.0390,89.99,50,0.0014,0.00,0.0000,0.2300,-0.0048,0.6235,0.00,False
0.70,straight,-0.0000,-0.0275,89.99,52,0.0001,-0.01,0.0000,0.2300,-0.0002,0.6120,0.01,False
0.75,straight,-0.0000,-0.0160,89.97,54,0.0016,-0.01,0.0000,0.2300,-0.0052,0.6005,0.01,False
0.80,straight,-0.0000,-0.0045,89.96,57,0.0020,-0.03,0.0000,0.2300,-0.0062,0.5890,0.03,False
0.85,straight,-0.0000,0.0070,89.95,59,0.0005,-0.04,0.0000,0.2300,-0.0008,0.5775,0.04,False
0.90,straight,0.0000,0.0185,89.95,61,0.0010,-0.05,0.0000,0.2300,-0.0023,0.5660,0.05,False
0.95,straight,0.0000,0.0300,89.97,63,-0.0024,-0.05,0.0000,0.2300,0.0096,0.5545,0.05,False
1.00,straight,0.0000,0.0415,89.99,66,-0.0011,-0.03,0.0000,0.2300,0.0045,0.5430,0.03,False
1.05,straight,0.0000,0.0530,89.99,68,-0.0003,-0.01,0.0000,0.2300,0.0015,0.5315,0.01,False
1.10,straight,0.0000,0.0645,90.01,70,-0.0018,-0.01,0.0000,0.2300,0.0065,0.5200,0.01,False
1.15,straight,0.0000,0.0760,90.03,73,-0.0017,0.01,0.0000,0.2300,0.0058,0.5085,0.01,False
1.20,straight,0.0000,0.0875,90.03,75,-0.0003,0.03,0.0000,0.2300,0.0004,0.4970,0.03,False
1.25,straight,0.0000,0.0990,90.04,77,-0.0012,0.03,0.0000,0.2300,0.0035,0.4855,0.03,False
1.30,straight,0.0000,0.1105,90.06,80,-0.0024,0.04,0.0000,0.2300,0.0073,0.4740,0.04,False
1.35,straight,-0.0000,0.1220,90.06,82,-0.0009,0.06,0.0000,0.2300,0.0018,0.4625,0.06,False
1.40,straight,-0.0000,0.1335,90.05,84,0.0006,0.06,0.0000,0.2300,-0.0034,0.4510,0.06,False
1.45,straight,-0.0000,0.1450,90.03,86,0.0020,0.05,0.0000,0.2300,-0.0083,0.4395,0.05,False
1.50,straight,-0.0000,0.1565,90.01,89,0.0015,0.03,0.0000,0.2300,-0.0060,0.4280,0.03,False
1.55,straight,-0.0000,0.1680,90.01,91,0.0001,0.01,0.0000,0.2300,-0.0006,0.4165,0.01,False
1.60,straight,-0.0000,0.1795,90.00,93,0.0014,0.01,0.0000,0.2300,-0.0052,0.4050,0.01,False
1.65,straight,-0.0000,0.1910,89.98,96,0.0021,-0.00,0.0000,0.2300,-0.0074,0.3935,0.00,False
1.70,straight,-0.0000,0.2025,89.97,98,0.0007,-0.02,0.0000,0.2300,-0.0018,0.3820,0.02,False
1.75,straight,-0.0000,0.2140,89.96,100,0.0008,-0.03,0.0000,0.2300,-0.0021,0.3705,0.03,False
1.80,straight,-0.0000,0.2255,89.94,102,0.0023,-0.04,0.0000,0.2300,-0.0071,0.3590,0.04,False
1.85,straight,-0.0000,0.2370,89.93,105,0.0013,-0.06,0.0000,0.2300,-0.0032,0.3475,0.06,False
1.90,straight,-0.0000,0.2485,89.94,107,0.0002,-0.07,0.0000,0.2300,0.0008,0.3360,0.07,False
1.95,straight,0.0000,0.2600,89.92,109,0.0016,-0.06,0.0000,0.2300,-0.0043,0.3245,0.06,False
2.00,straight,0.0000,0.2715,89.95,112,-0.0019,-0.08,0.0000,0.2300,0.0083,0.3130,0.08,False
2.05,straight,0.0000,0.2830,89.96,114,-0.0004,-0.05,0.0000,0.2300,0.0027,0.3015,0.05,False
2.10,straight,0.0000,0.2945,89.97,116,-0.0010,-0.04,0.0000,0.2300,0.0046,0.2900,0.04,False
2.15,straight,0.0001,0.3060,90.00,118,-0.0025,-0.03,0.0000,0.2300,0.0093,0.2785,0.03,False
2.20,straight,0.0001,0.3175,90.01,121,-0.0011,-0.00,0.0000,0.2300,0.0038,0.2670,0.00,False
2.25,straight,0.0001,0.3290,90.01,123,-0.0004,0.01,0.0000,0.2300,0.0013,0.2555,0.01,False
2.30,straight,0.0000,0.3405,90.03,125,-0.0019,0.01,0.0000,0.2300,0.0063,0.2440,0.01,False
2.35,straight,0.0000,0.3520,90.04,128,-0.0017,0.03,0.0000,0.2300,0.0052,0.2325,0.03,False
2.40,straight,0.0000,0.3635,90.04,130,-0.0002,0.04,0.0000,0.2300,-0.0002,0.2210,0.04,False
2.45,straight,0.0000,0.3750,90.05,132,-0.0013,0.04,0.0000,0.2300,0.0034,0.2095,0.04,False
2.50,straight,0.0000,0.3865,90.07,135,-0.0023,0.05,0.0000,0.2300,0.0068,0.1980,0.05,True
